Aaron, Abdul, Abel, Abraham, Abram, Ace, Adam, Adan, Addison, Adrian, Ahmed, Aiden, Alan, Albert, Alberto, Alec, Alejandro, Alex, Alexander, Alexis, Alfred, Ali, Allan, Allen, Alonzo, Alvin, Amir, Andre, Andres, Andrew, Andy, Angel, Anthony, Antonio, Archer, Ari, Ariel, Arjun, Arlo, Armando, Arnold, Arthur, Arturo, Ashton, Asher, Austin, Avery, Axel, Ayaan, Bailey, Barrett, Beau, Ben, Benjamin, Bennett, Benson, Bentley, Bernard, Billy, Blaine, Blake, Bob, Bobby, Bodhi, Boone, Brady, Brandon, Braxton, Brayden, Brent, Brett, Brian, Brody, Brooks, Bruce, Bruno, Bryan, Bryant, Bryce, Bryson, Caleb, Callum, Calvin, Camden, Cameron, Carl, Carlos, Carter, Casey, Casper, Cayden, Cedric, Cesar, Chad, Chance, Charles, Charlie, Chase, Chris, Christian, Christopher, Clark, Claude, Clayton, Cliff, Clifford, Clinton, Cody, Colby, Cole, Colin, Collin, Colton, Conner, Connor, Conrad, Cooper, Corey, Craig, Cristian, Cruz, Curtis, Cyrus, Dakota, Dale, Dallas, Dalton, Damian, Damien, Damon, Dan, Daniel, Danny, Dante, Darius, Darren, David, Dawson, Dean, DeAndre, Declan, Dennis, Derek, Derrick, Desmond, Devin, Diego, Dimitri, Dominic, Donald, Donovan, Douglas, Drake, Drew, Dustin, Dylan, Easton, Eddie, Edgar, Eduardo, Edward, Edwin, Eli, Elias, Elijah, Elliott, Ellis, Elmer, Emmanuel, Emmett, Enrique, Eric, Erick, Erik, Ernest, Ethan, Eugene, Evan, Everett, Fabian, Felix, Fernando, Finn, Fisher, Fletcher, Floyd, Forrest, Francis, Francisco, Frank, Franklin, Fred, Frederick, Gabriel, Gael, Garrett, Gary, Gavin, Gene, Geoffrey, George, Gerald, Gerard, Gian, Gideon, Gilbert, Glenn, Gordon, Grady, Graham, Grant, Gregory, Griffin, Gustavo, Guy, Hank, Harley, Harold, Harrison, Harry, Harvey, Hayden, Hector, Henry, Hudson, Hugh, Hugo, Hunter, Ian, Ibrahim, Ignacio, Imran, Ira, Isaac, Isaiah, Ismael, Israel, Ivan, Jack, Jackson, Jacob, Jake, James, Jamie, Jared, Jason, Jasper, Javier, Jay, Jayden, Jeffrey, Jeremiah, Jeremy, Jerome, Jerry, Jesse, Jesus, Jett, Joel, John, Johnny, Jonah, Jonathan, Jordan, Jorge, Jose, Joseph, Josh, Joshua, Josiah, Juan, Judah, Julian, Julio, Julius, Justin, Kaden, Kai, Kaleb, Kareem, Karl, Keith, Kelvin, Ken, Kenneth, Kent, Kevin, Khalil, Killian, King, Kingston, Knox, Kobe, Kole, Kory, Kris, Kristopher, Kurt, Kyle, Kyler, Lachlan, Lance, Landon, Larry, Lawrence, Leo, Leon, Leonard, Leonardo, Leroy, Levi, Liam, Lionel, Logan, Lorenzo, Louis, Luca, Lucas, Luis, Luka, Luke, Luther, Malcolm, Malik, Manuel, Marco, Marcus, Mario, Mark, Marshall, Martin, Mason, Mateo, Mathew, Matthew, Matthias, Maurice, Maverick, Max, Maximilian, Maxwell, Melvin, Micah, Michael, Miguel, Miles, Milo, Mitchell, Mohamed, Mohammed, Moses, Nathan, Nathaniel, Neil, Nelson, Nicholas, Nico, Noah, Noel, Norman, Oliver, Omar, Orlando, Oscar, Owen, Pablo, Parker, Patrick, Paul, Pedro, Peter, Philip, Phillip, Pierce, Preston, Quentin, Quincy, Quinn, Rafael, Ralph, Ramon, Randall, Randy, Raymond, Reece, Reed, Reggie, Reid, Rene, Ricardo, Richard, Rick, Ricky, Riley, Robert, Roberto, Robin, Rodney, Roger, Roland, Roman, Ronan, Ronnie, Rory, Ross, Rowan, Roy, Ruben, Russell, Ryan, Ryder, Ryker, Sam, Samuel, Santiago, Saul, Scott, Sean, Sebastian, Sergio, Seth, Shane, Shawn, Sheldon, Silas, Simon, Skyler, Solomon, Spencer, Stanley, Stefan, Stephen, Steve, Steven, Stuart, Sullivan, Tanner, Terrance, Terry, Theodore, Thomas, Timothy, Toby, Todd, Tom, Tomas, Tommy, Tony, Travis, Trent, Trevor, Trey, Tristan, Troy, Tucker, Tyler, Tyrone, Uriel, Victor, Vincent, Wade, Walter, Warren, Wayne, Wesley, Westley, Weston, William, Willie, Wyatt, Xavier, Zachariah, Zachary, Zane, Zion, Abigail, Ada, Adaline, Addison, Adele, Adriana, Aisha, Alaina, Alexa, Alexandra, Alexis, Alice, Alicia, Alison, Alisha, Alissa, Alma, Alyssa, Amanda, Amber, Amelia, Amy, Ana, Anastasia, Andrea, Angela, Angelica, Angelina, Anita, Ann, Anna, Annabelle, Anne, Annette, Annie, April, Ariana, Ariel, Ariella, Arlene, Ashley, Aspen, Astrid, Audrey, Autumn, Ava, Avery, Barbara, Beatrice, Becky, Bella, Bernadette, Beth, Bethany, Bianca, Blair, Blaire, Bonnie, Brenda, Brianna, Bridget, Brooke, Caitlin, Callie, Camila, Candace, Cara, Carla, Carmen, Carol, Caroline, Carolyn, Carrie, Casey, Cassandra, Catherine, Cathy, Cecilia, Celeste, Charity, Charlene, Charlotte, Chelsea, Chloe, Christina, Christine, Claire, Clara, Clarissa, Claudia, Colette, Connie, Courtney, Crystal, Cynthia, Daisy, Dakota, Dana, Daniela, Danielle, Daphne, Darlene, Dawn, Deborah, Deirdre, Delilah, Denise, Destiny, Diana, Diane, Dorothy, Edith, Eleanor, Elena, Eliana, Eliza, Elizabeth, Ella, Ellen, Ellie, Eloise, Elsie, Emilia, Emily, Emma, Erica, Erin, Esme, Esther, Eva, Evelyn, Faith, Felicity, Fiona, Flora, Frances, Francesca, Freya, Gabriela, Gabriella, Gail, Gemma, Georgia, Geraldine, Gianna, Gina, Giselle, Gloria, Grace, Gretchen, Gwen, Gwendolyn, Hailey, Hannah, Harmony, Harper, Hazel, Heather, Heidi, Helen, Helena, Holly, Hope, Irene, Iris, Isabella, Isla, Ivy, Jacqueline, Jade, Jamie, Jane, Janet, Janice, Jasmine, Jean, Jeanette, Jenna, Jennifer, Jessica, Jill, Joanna, Jocelyn, Jordan, Josephine, Joy, Judith, Julia, Julianne, Julie, June, Justine, Kaitlyn, Karen, Karina, Katherine, Kathleen, Kathryn, Katie, Kayla, Keira, Kelly, Kelsey, Kendall, Kennedy, Kimberly, Kirsten, Kristen, Kristina, Kylie, Laila, Lana, Lara, Laura, Lauren, Layla, Leah, Lena, Lesley, Leslie, Lila, Lilian, Lillian, Lily, Linda, Lindsay, Lisa, Liz, Loretta, Lori, Lorraine, Louise, Lucy, Lydia, Mackenzie, Madison, Mae, Maggie, Maisie, Makayla, Mallory, Mandy, Margaret, Maria, Mariah, Marianne, Marie, Marilyn, Marina, Marisa, Martha, Mary, Matilda, Megan, Melanie, Melissa, Melody, Mercedes, Meredith, Mia, Michaela, Michelle, Mila, Mindy, Miranda, Molly, Monica, Morgan, Nadia, Nancy, Naomi, Natalie, Natasha, Nellie, Nicole, Nina, Noelle, Nora, Norah, Olivia, Paige, Pamela, Patricia, Paula, Pauline, Payton, Penelope, Phoebe, Piper, Priscilla, Rachel, Rebecca, Reese, Renee, Rhonda, Riley, Rita, Robyn, Rosa, Rose, Rosemary, Ruby, Ruth, Sabrina, Sadie, Samantha, Sandra, Sara, Sarah, Savannah, Scarlett, Selena, Serenity, Shania, Sharon, Sheila, Shelby, Sherri, Shirley, Sierra, Simone, Skylar, Sofia, Sophia, Stacey, Stella, Stephanie, Susan, Suzanne, Sylvia, Tabitha, Tamara, Tania, Tara, Taylor, Teresa, Theresa, Tiffany, Tina, Traci, Tracy, Trinity, Valerie, Vanessa, Veronica, Victoria, Violet, Virginia, Vivian, Wendy, Whitney, Willow, Winifred, Yara, Yasmin, Yvonne, Zoe, Zoey, Addison, Adrian, Alex, Alexis, Angel, Ariel, Ashton, Avery, Bailey, Blake, Cameron, Casey, Charlie, Chris, Dakota, Dallas, Drew, Dylan, Eden, Emerson, Emery, Finley, Frankie, Harley, Hayden, Hunter, Jamie, Jayden, Jesse, Jordan, Jules, Justice, Kai, Kendall, Kennedy, Lee, Logan, London, Marley, Micah, Morgan, Noel, Parker, Peyton, Quinn, Reese, Remy, Riley, River, Robin, Rory, Rowan, Ryan, Sage, Sam, Sawyer, Shawn, Skylar, Spencer, Stevie, Sydney, Taylor, Terry, Toby, Tony, Tristan, Tyler, Valentine, Wren, Zion, Alexis, Billie, Blaine, Carter, Corey, Devon, Dominique, Eden, Elliot, Emery, Finley, Frankie, Harper, Jackie, Jay, Jessie, Jules, Justice, Kelly, Kendall, Kim, Kris, Landry, Lennon, Leslie, Lex, London, Lynn, Marley, Milan, Morgan, Noel, Oakley, Parker, Payton, Quincy, Reese, Remi, Remy, River, Robin, Rory, Rowan, Ryan, Sasha, Scout, Shannon, Shawn, Sky, Skylar, Stevie, Storm, Sydney, Tatum, Taylor, Terry, Toby, Toni, Trace, Tristan, Tyler, Val, Whitney, Wynn, Zion, Abner, Abramson, Adriel, Ahmedin, Akeem, Akio, Alaric, Alden, Alessandro, Alistair, Alonso, Alton, Anders, Angelo, Anton, Antoine, Antonio, Archeron, Aric, Armand, Armin, Arnoldas, Artem, Arturo, Asa, Ashwin, Atticus, August, Augustine, Aurelian, Axelson, Baldwin, Barnaby, Barrett, Bart, Basil, Baxter, Baylor, Beck, Benicio, Bennett, Benson, Bernard, Bert, Blaise, Bohdan, Booker, Boris, Boyd, Braden, Braeden, Branson, Braulio, Brennan, Brentley, Briggs, Bronson, Brooks, Bruce, Brycen, Bryden, Bryson, Caius, Callan, Callen, Camden, Cannon, Carlton, Carmelo, Carson, Carteron, Caspian, Cassian, Cedrick, Chandler, Charleson, Chester, Clarkson, Clay, Clement, Clyde, Coleson, Colm, Conan, Connelly, Conrad, Corbin, Corey, Cornelius, Creed, Cullen, Dade, Dallas, Dalton, Damien, Dandre, Darian, Dario, Darnell, Darragh, Dashiell, Dayton, Declan, Demetrius, Deshawn, Desmond, Devlin, Dexter, Dion, Domenic, Dominic, Donovan, Douglas, Drake, Dwayne, Dwight, Eamon, Easton, Edison, Eduardo, Edwin, Eliasen, Eliezer, Elio, Elliott, Ellis, Emil, Emory, Enrique, Ephraim, Erikson, Eros, Everett, Ezekiel, Ezra, Fabian, Faris, Felipe, Fergus, Fidel, Finnian, Finnley, Fisher, Fletcher, Florian, Forrest, Fox, Francisco, Franco, Franklin, Fredrick, Fulton, Gabe, Gage, Garrett, Garyson, Gaston, Gideon, Gio, Giovanni, Giuseppe, Gordon, Granger, Grant, Griffin, Gunnar, Gus, Gustavo, Hamish, Hank, Hans, Harley, Harold, Harris, Harvey, Hassan, Hector, Henrik, Hollis, Horace, Howard, Hudson, Hugh, Hugo, Humberto, Ibrahim, Ignatius, Immanuel, Ira, Irving, Isaacson, Ishmael, Isidore, Ivan, Jace, Jacoby, Jacques, Jaden, Jagger, Jairus, Jamal, Jamar, Jamari, Jamir, Jared, Jaron, Jasper, Javier, Jedidiah, Jefferson, Jensen, Jericho, Jeremiah, Jeremy, Jerome, Jettson, Joaquin, Jonas, Jonathon, Jorge, Josias, Judah, Julien, Julius, Justice, Kairos, Kalvin, Kareem, Karim, Karter, Kasen, Keaton, Keith, Kendrick, Kennedy, Kieran, Killian, Kingsley, Kip, Knox, Kobe, Koda, Kole, Korbin, Kylan, Kyrie, Lachlan, Lamar, Lance, Landen, Landry, Langston, Lars, Lawson, Lazaro, Ledger, Lennox, Leonidas, Leandro, Leroy, Lincoln, Lionel, Linton, Lisandro, Lorenzo, Louie, Luca, Lucian, Lucius, Luis, Luka, Luther, Lysander, Maddox, Magnus, Malachi, Marcelo, Marco, Marcos, Mario, Marko, Marshall, Mateo, Matthias, Mauricio, Maverick, Maximo, Maximus, Melvin, Merrick, Micah, Milan, Milo, Montgomery, Myles, Nash, Nathaniel, Nelson, Nikolai, Nikos, Noel, Nolan, Odin, Omarion, Orson, Osiris, Otto, Pablo, Paxton, Pedro, Percy, Phoenix, Porter, Preston, Quentin, Quincy, Rafael, Ralph, Ramon, Randall, Raul, Raylan, Reed, Reggie, Reuben, Rex, Ricardo, Rocco, Rodney, Rogelio, Roman, Romen, Ronan, Royce, Ruben, Rufus, Russell, Ryan, Samson, Santiago, Saul, Sawyer, Scott, Sebastian, Sergio, Shiloh, Silas, Simeon, Soren, Spencer, Stefan, Sterling, Stetson, Sullivan, Sylvester, Tate, Terrence, Thaddeus, Thatcher, Theo, Theodore, Titus, Tobias, Travis, Trent, Trevor, Treyton, Tripp, Truman, Tucker, Tyson, Ulises, Valentin, Vaughn, Victor, Vincenzo, Wade, Walker, Wallace, Walter, Warren, Watson, Wells, Wesley, Westin, Weston, Wilder, William, Winston, Wyatt, Xavier, Yosef, Zachary, Zahir, Zane, Zayden, Zeke, Zion, Adalyn, Adrielle, Aileen, Alana, Alayna, Aleah, Alessandra, Alexa, Alexia, Alicia, Alina, Alison, Alisha, Alora, Amalia, Amara, Amanda, Amaya, Amelia, Amira, Amyra, Anais, Anastasia, Andrea, Angela, Angelique, Annabeth, Annalise, Annika, Antonia, Aria, Arianna, Ariana, Arielle, Astrid, Aubree, Aubrey, Audrina, Aurelia, Autumn, Ava, Avalyn, Averie, Ayana, Aylin, Bailey, Beatrix, Bella, Bethany, Bianca, Blaire, Blythe, Bonnie, Bria, Brianna, Bridget, Bristol, Brooklyn, Brylee, Cadence, Caitlyn, Callista, Cambria, Camille, Candace, Cara, Carmen, Carolina, Carolyn, Cassandra, Catalina, Catherine, Cecilia, Celeste, Celia, Celine, Chantel, Charlene, Charlie, Charlotte, Chelsea, Cherish, Chloe, Clara, Clarissa, Clementine, Colette, Connie, Coraline, Courtney, Crystal, Cynthia, Daisy, Dakota, Danae, Daniella, Daphne, Davina, Deborah, Delaney, Delilah, Denise, Destiny, Diana, Diane, Dorothy, Eden, Eleanor, Elena, Eliana, Elisa, Elise, Eliza, Elizabeth, Ella, Ellie, Eloise, Elsa, Elsie, Ember, Emery, Emilee, Emily, Emma, Emmaline, Erika, Erin, Esmeralda, Esperanza, Esther, Eva, Evelyn, Everly, Faith, Fatima, Felicity, Fern, Fiona, Flora, Francesca, Freya, Gabriella, Gemma, Georgia, Gianna, Giselle, Gloria, Grace, Greta, Gwen, Gwendolyn, Hailey, Hannah, Harmony, Harper, Haven, Hazel, Heidi, Helen, Helena, Holly, Hope, Irene, Iris, Isla, Ivy, Jacqueline, Jade, Jamie, Jane, Janet, Janessa, Jasmine, Jayla, Jean, Jenna, Jennifer, Jessica, Jillian, Joanna, Jocelyn, Jordan, Josephine, Joy, Judith, Julia, Julianne, Juliette, June, Justine, Kaitlyn, Kamila, Kara, Karen, Karina, Kate, Katelyn, Katherine, Kathleen, Kayla, Keira, Kelly, Kelsey, Kendall, Kennedy, Kimberly, Kinsley, Kristen, Kylie, Kyra, Lacey, Laila, Lana, Lara, Laura, Lauren, Layla, Leah, Leilani, Lena, Lexi, Liana, Lila, Lilah, Lillian, Lily, Lina, Lindsey, Lisa, Lorelei, Lucia, Lucille, Lucy, Luna, Lydia, Lyla, Mackenzie, Madison, Maeve, Maggie, Maisie, Malia, Mallory, Mandy, Margaret, Margot, Maria, Mariah, Mariana, Marie, Marina, Marisol, Marissa, Martha, Mary, Matilda, Maya, Mckenna, Megan, Melanie, Melissa, Melody, Meredith, Mia, Michaela, Michelle, Mila, Milana, Mina, Miranda, Molly, Monica, Morgan, Nadia, Nancy, Naomi, Natalie, Natasha, Nia, Nicole, Nina, Noelle, Nora, Norah, Oakley, Olive, Olivia, Opal, Paige, Paisley, Paloma, Pamela, Paris, Patricia, Paula, Payton, Penelope, Phoebe, Piper, Poppy, Presley, Quinn, Rachel, Raegan, Raven, Rebecca, Reese, Regina, Remi, Renata, Riley, Rita, Robyn, Rosa, Rosalie, Rose, Rosemary, Ruby, Ruth, Sabrina, Sadie, Samantha, Sandra, Sara, Sarah, Sasha, Savannah, Scarlett, Selah, Selena, Serenity, Shania, Shannon, Sharon, Shelby, Sienna, Sierra, Simone, Skyla, Sloane, Sofia, Sophia, Sophie, Stella, Stephanie, Summer, Susan, Sylvia, Talia, Tamara, Tanya, Tara, Tatum, Taylor, Teagan, Teresa, Thea, Tiffany, Tinsley, Trinity, Valerie, Vanessa, Veronica, Victoria, Violet, Virginia, Vivienne, Willa, Willow, Winnie, Winter, Yasmin, Yvette, Yvonne, Zara, Zelda, Zoe, Zoey, Aiden, Alex, Alexis, Amari, Andy, Arden, Ari, Ashton, Aubrey, Avery, Bay, Bellamy, Blaine, Blair, Blake, Bobbie, Briley, Brooklyn, Bryn, Camden, Campbell, Cameron, Carey, Carson, Casey, Chandler, Charlie, Chris, Cory, Dakota, Dallas, Dani, Darian, Daryl, Devin, Dominique, Drew, Dylan, Eden, Eli, Emery, Emerson, Emory, Finley, Frankie, Gray, Greer, Hadley, Harley, Harper, Haven, Hayden, Hollis, Hunter, Indigo, Jaden, Jaime, Jamie, Jett, Jesse, Jordan, Jules, Justice, Kai, Kamari, Karter, Kasey, Kayden, Kelly, Kendall, Kennedy, Kieran, Kingsley, Kit, Kris, Kyle, Landry, Lane, Lennon, Lennox, Leslie, Lex, Logan, London, Loren, Luca, Lucael, Lux, Maddox, Marley, Mason, Max, Micah, Milan, Monroe, Morgan, Murphy, Nico, Noel, Oakley, Parker, Payton, Perry, Phoenix, Quinn, Rae, Reagan, Reese, Remi, Remy, Riley, River, Robin, Rory, Rowan, Royal, Ryan, Sage, Sam, Sasha, Scout, Shawn, Shiloh, Sky, Skylar, Sloane, Spencer, Stevie, Sydney, Tatum, Taylor, Teagan, Terry, Toby, Toni, Trace, Tristan, Tyler, Val, Valentine, Wesley, West, Whitney, Wilder, Winter, Wynn, Zion, Zephyr, Abdullah, Abelardo, Abramov, Achille, Adaniel, Addison, Adnan, Adonis, Adrianus, Agustin, Ahmad, Ahmedou, Aidan, Akechi, Alain, Alanzo, Alberic, Aldo, Alejandro, Alessio, Alexandro, Alexei, Alfie, Alfonso, Algernon, Alim, Alistair, Allanzo, Aloysius, Alonso, Alphonse, Alton, Alvaro, Alvinson, Amado, Ambrose, Amos, Anatoly, Anderson, Andreson, Andrey, Angeloz, Angus, Ansel, Anthonyson, Antonin, Antonios, Apollo, Aramis, Arda, Arden, Arius, Armandino, Armen, Arne, Arnoldy, Arsenio, Arturoz, Asaiah, Ashby, Ashford, Ashtonio, Asif, Askari, Auguste, Augusto, Aurel, Aurick, Averill, Axelton, Aziz, Balthazar, Barnett, Bartolo, Basilio, Baxteron, Beaux, Benedetto, Benno, Bensonio, Bertram, Bertrand, Bjorn, Blaxton, Boaz, Booker, Boris, Bowen, Boyd, Bradin, Brant, Brenton, Bretton, Brighton, Brock, Brogan, Bronsonio, Brooksan, Brucey, Bryn, Byron, Cael, Cain, Calan, Callen, Calum, Camdenio, Camilo, Carlo, Carloson, Carmine, Carsonio, Casimir, Cassio, Cato, Cedro, Cesarion, Chadwick, Champ, Chandlero, Charleson, Charlton, Chesterfield, Chike, Christos, Churchill, Clancy, Clarence, Claudio, Clemente, Clifton, Clydeon, Coleman, Collier, Colson, Constant, Corbett, Corin, Cornel, Cortez, Cosmo, Craigon, Crispin, Cullenio, Curt, Cyril, Dagan, Daire, Daltony, Damianus, Danel, Darien, Dariusz, Darrow, Darwin, Dashiel, Davide, Davis, Dawson, Dax, Daytonio, Deanthony, Delano, Demetrios, Dennisio, Denton, Derick, Derrickson, Deshaun, Devonio, Dewayne, Didier, Diegoz, Dimitrios, Dionisio, Dorian, Douglason, Dray, Drayden, Draven, Duran, Dustinio, Dwayne, Dwighton, Dylanzo, Earl, Eastwood, Edisonio, Edmund, Eduard, Efrem, Einar, Eladio, Elden, Eldridge, Elian, Eliasz, Eliel, Eliseo, Eliot, Elmeron, Elton, Elvin, Emanuel, Emelio, Emiliano, Emmanuelz, Enriquez, Ephrem, Erasmo, Ericson, Errol, Ernesto, Esteban, Etienne, Euan, Eugenio, Eustace, Everettz, Ezekial, Ezraiah, Fabio, Facundo, Fadel, Farid, Farran, Federico, Felton, Ferdinando, Fidelio, Filbert, Finnegan, Finnick, Fletcheron, Floydon, Florianz, Ford, Forreston, Francesco, Francisz, Franco, Franklyn, Frederic, Friedrich, Fulton, Gabeon, Gannon, Gareth, Garrettz, Gastonio, Geoffrey, Gerardo, Gerardson, Gerson, Gianluca, Gianni, Gideonz, Gilbertson, Giuliano, Godfrey, Gonzalo, Gordie, Gregor, Griffinon, Gunnarz, Gusman, Gustavoz, Hadrian, Hamza, Hansel, Harlan, Haroldson, Harrisz, Harrisonio, Harveyz, Hasan, Hassanio, Hectorz, Henrikson, Herb, Hiram, Holden, Hollister, Horatio, Howardz, Hudsonio, Hughson, Humbert, Hussein, Ibrahimz, Ignacio, Igor, Ilias, Ilya, Immanuelz, Irvin, Isaacz, Ishmaelz, Isidoro, Ismail, Ivanov, Izaiah, Jaceon, Jacinto, Jacquesz, Jadenzo, Jadiel, Jairo, Jakeon, Jalen, Jamari, Jamison, Janek, Jaredz, Jarvis, Jase, Jasperz, Javierz, Jaylen, Jeanluc, Jedediah, Jeffersonz, Jensenio, Jericho, Jermaine, Jerron, Jethro, Joaquinz, Joelson, Johan, Johannes, Jomar, Jonasz, Jonasz, Jonathanio, Jordanio, Jorgez, Joselito, Josiahz, Julianz, Juliusz, Justicez, Kade, Kael, Kalani, Kareen, Karimz, Karlson, Kasper, Kayson, Keanu, Keegan, Keithon, Keller, Kelvinz, Kendrickz, Kennethz, Kenton, Keon, Keshawn, Kevinz, Khaled, Khalilz, Killianz, Kingsleyz, Knoxon, Kobez, Kolez, Kolten, Kolton, Konrad, Korbinz, Kristian, Kurtis, Kylan, Kyrillos, Lachlanz, Lamarz, Landonio, Lanez, Larsz, Laurent, Lawsonz, Lazlo, Ledgerz, Leif, Lennart, Lennoxz, Leoan, Leonid, Leonardoz, Leopold, Leroyz, Leslieon, Levius, Liamz, Lionelz, Lisandroz, Lorenzoz, Louison, Lucien, Lucio, Ludovic, Luisz, Lukael, Lukez, Lutherz, Lysandros, Mack, Maddison, Magnusz, Mahmoud, Malikz, Marcel, Marcoz, Marcusz, Marioz, Markos, Marlon, Marshallz, Martinz, Masonz, Matteo, Mauricioz, Maxon, Maxwellz, Melchior, Melvinz, Merrill, Micahz, Michel, Miguelz, Milanio, Miloz, Montgomeryz, Mosesz, Muhammad, Mustafa, Myron, Nadir, Napoleon, Nashz, Nathanio, Nehemiah, Nelsonz, Nestor, Niall, Niko, Nikolas, Nikosz, Nolanio, Norbert, Norman, Octavio, Odinon, Oliverz, Omarz, Omari, Orsonz, Osvaldo, Owenz, Pabloz, Pascal, Patrickz, Paulson, Pavel, Paxtonz, Pedroz, Perryz, Pietro, Porterz, Prestonz, Quentin, Quillon, Quincy, Quinlan, Rafe, Rafaelz, Raheem, Ramiro, Randallz, Rashid, Raulz, Raymondz, Reecez, Reedz, Reginald, Remington, Rene, Renz, Reynaldo, Rhys, Ricardoz, Rinaldo, Ritchie, Roccoz, Rodneyz, Rogelioz, Rolandz, Romanio, Romeo, Ronan, Ronaldz, Roosevelt, Roryz, Rowan, Royz, Ruben, Rudy, Rufusz, Russellz, Ryanio, Rylan, Samir, Samsonz, Santiagoz, Saulz, Sawyerz, Scottz, Seamus, Sergioz, Sethz, Seymour, Silvano, Silvian, Simeon, Simonz, Sky, Solomonz, Spencerz, Stanleyz, Stefanio, Stefano, Sterlingz, Stetsonz, Sullivanz, Sylvesterz, Tannerz, Thaddeusz, Thane, Theo, Theophilus, Thiago, Thomasz, Thor, Titusz, Tobin, Tobiasz, Tonyz, Tracey, Travisz, Trentz, Trevorz, Tristanio, Troyz, Tuckerz, Tysonz, Ulric, Ulisesz, Umar, Urielz, Valentino, Valentinz, Vasco, Vaughnz, Vernon, Victorz, Vincentz, Virgil, Vlad, Wallacez, Walterz, Warrenz, Watsonz, Waylon, Wesleyz, Westonio, Wilfred, Willard, Williamz, Winstonz, Wyattz, Xander, Xavi, Xavierz, Yosefz, Yusuf, Zachariahz, Zack, Zaid, Zahirz, Zander, Zayn, Zeke, Zephaniah, Zionz, Abella, Adelina, Adrianna, Aileen, Aimee, Ainsley, Alayah, Alessa, Alessia, Aliana, Alina, Alisha, Allura, Alycia, Amabel, Amelie, Amirah, Anaira, Analia, Anastasie, Andra, Angelia, Annalee, Annemarie, Anthea, Antonella, Arabella, Ariana, Ariella, Arina, Arlette, Arwen, Ashleigh, Ashton, Aspen, Aurea, Aurora, Avalon, Aviana, Azalea, Beata, Beatriz, Belinda, Benedetta, Bernice, Bethan, Bexley, Bianca, Blythe, Braelyn, Brenna, Bria, Briar, Brienne, Brinley, Bristol, Brylee, Caitlyn, Calista, Calliope, Cambrie, Camila, Caprice, Cara, Carina, Carissa, Carmel, Cassandra, Catalina, Cecelia, Celestine, Celina, Cerys, Chantal, Charis, Charlize, Cherie, Chiara, Ciel, Claribel, Clarissa, Clementina, Colette, Coral, Cordelia, Cosima, Dahlia, Daisy, Dalila, Danika, Daniela, Daria, Davina, Deanna, Delphine, Dena, Denise, Desiree, Diana, Dianna, Doreen, Dorothea, Edena, Edith, Eileen, Elaine, Elara, Eleanor, Eleonora, Elisa, Eliza, Ellaria, Elle, Ellen, Ellieanna, Elodie, Eloisa, Elsa, Elspeth, Elyse, Emberly, Emilia, Emilie, Emmalyn, Emmanuelle, Enid, Erin, Esmae, Estella, Etta, Evaline, Evangeline, Evie, Faye, Felicity, Fernanda, Fiorella, Flora, Frances, Frida, Gabriela, Gaia, Galilea, Gemma, Georgina, Giavanna, Giovanna, Gisella, Gloria, Golda, Gracelyn, Greta, Guinevere, Gweneth, Hadassa, Hailee, Halle, Halley, Hana, Harlow, Harmony, Harperly, Haven, Haylee, Hazel, Heidi, Helena, Heloise, Henrietta, Holly, Honor, Hyacinth, Imelda, India, Ingrid, Irene, Iris, Isla, Ivory, Ivyrose, Jacinta, Jade, Jaelyn, Janae, Janessa, Janelle, Jasmine, Jaycee, Jayda, Jaylee, Jeanine, Jemima, Jenna, Jennifer, Jessamine, Jessica, Jill, Jocasta, Joelle, Johanna, Jolie, Josephina, Joyanna, Judith, Julianne, Juliana, Juliet, Julissa, Juneau, Juniper, Kaelyn, Kaitlin, Kamila, Kara, Karina, Karissa, Kassidy, Katey, Kathleen, Katya, Kay, Kayleigh, Keira, Kendra, Kennedy, Kiara, Kimber, Kimberly, Kinslee, Kira, Kirsten, Krista, Kyla, Kyra, Lacey, Lainey, Lanae, Lara, Larissa, Laura, Lauryn, Layla, Leandra, Leanna, Leila, Lena, Leonie, Leticia, Liana, Libby, Lila, Liliana, Lilya, Lina, Lisette, Livia, Lorelai, Lorena, Louisa, Lucia, Lucille, Lucinda, Luella, Luna, Lydia, Lyla, Lyric, Mabel, Macy, Madeleine, Madelyn, Mae, Maelynn, Maisie, Malaya, Mallory, Marcella, Maren, Margaux, Margaret, Marguerite, Mariana, Mariela, Marina, Marisol, Maritza, Marlena, Marta, Maryam, Mathilde, Matilda, Maura, Maxine, May, Meadow, Melina, Melody, Mercedes, Meredith, Micaela, Michaela, Mila, Milania, Milena, Mina, Mireya, Miriam, Moira, Molly, Monique, Myra, Nadia, Nadine, Nancy, Naya, Nevaeh, Nicoletta, Nikita, Nina, Noa, Noelle, Nola, Norina, Nova, Odessa, Olivea, Oliviah, Ophelia, Oriana, Paige, Paloma, Pamela, Pandora, Paris, Patricia, Paula, Paulina, Pearl, Penina, Persephone, Petra, Philippa, Phoebe, Pia, Piper, Poppy, Presley, Primrose, Priscila, Quinnlyn, Rachel, Rae, Raegan, Ramona, Rania, Raquel, Rebecca, Regina, Renata, Riley, Rina, Rita, Rochelle, Rosa, Rosalie, Rosemary, Rosetta, Ruby, Ruthie, Sabina, Sabrina, Sadie, Saffron, Sage, Salma, Samara, Sandra, Saraiah, Sariah, Sasha, Savannah, Scarlett, Selene, Serena, Shaina, Shani, Shayla, Shelby, Sienna, Sierra, Simone, Skye, Sloane, Sofia, Solange, Sonia, Sophia, Sophie, Stella, Summer, Susan, Susanna, Sylvie, Tabitha, Tahlia, Tamara, Tania, Tara, Taryn, Tatiana, Tessa, Thea, Theresa, Tiffany, Tilda, Trinity, Ursula, Valentina, Valerie, Vanessa, Vera, Veronica, Vienna, Violet, Virginia, Vivian, Vivienne, Waverly, Wendy, Whitney, Willa, Willow, Winona, Winter, Ximena, Yara, Yasmina, Yelena, Yvonne, Zara, Zelda, Zoe, Adair, Addison, Afton, Alex, Alexis, Amari, Amory, Andie, Andy, Angel, Arden, Ariel, Ash, Ashton, Aubrey, August, Avery, Bailey, Bay, Bellamy, Berkley, Billie, Blair, Blaine, Blake, Blue, Bowie, Brady, Briar, Briley, Brooks, Bryn, Cadence, Callen, Campbell, Camden, Cameron, Carey, Carson, Casey, Chandler, Charlie, Chris, Cody, Corey, Cove, Cruz, Dakota, Dallas, Dani, Darian, Daryl, Dean, Devin, Devon, Drew, Dylan, Eden, Eli, Ellis, Emery, Emerson, Emory, Everest, Ezra, Fallon, Finley, Finn, Flynn, Forest, Frankie, Gentry, Gray, Greer, Hadley, Harley, Harper, Haven, Hayden, Holland, Hunter, Indy, Ira, Jamie, Jan, Jody, Jordan, Jules, Justice, Kai, Kamari, Karter, Kasey, Kayden, Kelly, Kendall, Kennedy, Kieran, Kingsley, Kit, Kris, Landry, Lane, Lennon, Lennox, Leslie, Lex, Logan, London, Loren, Luca, Lux, Maddox, Marley, Mason, Max, Micah, Milan, Monroe, Morgan, Murphy, Noel, Oakley, Ocean, Parker, Payton, Perry, Phoenix, Quincy, Quinn, Rae, Reagan, Reese, Remi, Remy, Riley, River, Robin, Rory, Rowan, Royal, Ryan, Sage, Sam, Sasha, Scout, Shawn, Shiloh, Sky, Skyler, Sloane, Spencer, Stevie, Sydney, Tatum, Taylor, Teagan, Terry, Toby, Toni, Trace, Tristan, Tyler, Val, Valentine, Wren, Wynn, Zephyr, Abdiel, Abdulahi, Abelino, Abhinav, Abramson, Adalbert, Adrielson, Aeson, Ahmadou, Ahmedullah, Aidanth, Akbar, Akram, Alainz, Alarico, Albano, Albertoz, Aldair, Aldrich, Alecson, Aleksei, Alessandroz, Alexandroz, Alfons, Alonzoz, Alston, Altony, Alwin, Amadeo, Amador, Amar, Ambrosio, Amiel, Amosz, Andersson, Andretti, Andric, Angeloz, Angad, Anselmo, Ansley, Antonious, Antony, Aram, Archeron, Ardit, Arek, Argenis, Arik, Arlan, Arloz, Armandz, Armel, Arnoldo, Arnulfo, Arran, Arseny, Artie, Arturoz, Aryan, Asael, Ashraf, Ashtonio, Aslam, Asser, Athan, Attila, Aubin, Auden, Augustin, Aureliano, Axelz, Ayaan, Ayden, Aziel, Babatunde, Baileyson, Baker, Balazs, Baltazar, Barnabyz, Barrettz, Bartlomiej, Basilioz, Baxterz, Beckett, Benjamino, Bennettz, Bensonz, Bernardz, Bertrandz, Bhavin, Bjornson, Blaiden, Blaire, Bo, Bodhan, Boniface, Borisz, Bowen, Boydson, Brad, Bradford, Braiden, Brando, Brandt, Braylen, Brennan, Brentt, Brixton, Bron, Brooksan, Bruceon, Bryan, Brysonz, Buck, Bud, Burke, Byronz, Caden, Caelz, Cainz, Calden, Calix, Callumz, Camdenz, Canaan, Carlito, Carmine, Carsonz, Carterz, Cassius, Cecil, Cesarz, Chadwickz, Chaim, Chandlerz, Charlson, Chesney, Chesterz, Christoff, Ciaran, Claudioz, Clemens, Cliftonz, Clintonz, Clydez, Cohen, Collinz, Colt, Colten, Conlan, Conradz, Corbinz, Cordell, Coreyson, Corneliusz, Cortezz, Cosmoz, Creedon, Crew, Cullen, Curtisz, Cyrusz, Dakari, Dallin, Damianz, Damion, Damir, Danail, Dandre, Dangelo, Danilo, Darioz, Darrell, Darren, Darryl, Davian, Davidez, Daylen, Daytonz, Deanio, Deangelo, Declanz, Deen, Deion, Delbert, Demario, Demetri, Denim, Denny, Deon, Desmondz, Devinz, Devonte, Dewey, Dexterz, Diegoan, Dimitriusz, Dionis, Dorianz, Douglasz, Dov, Drayton, Duane, Duranio, Dustinon, Dwayneon, Dwightz, Dylanth, Earlz, Eastonz, Edisonz, Edmundz, Eduin, Efren, Eion, Eladioz, Eldon, Eliam, Eliasen, Eliseo, Elmerz, Eltonz, Elvinz, Emanuelz, Emilian, Emilioz, Emersonz, Emmitt, Enriquez, Ephraimz, Eriksonz, Eron, Ernest, Ernestoz, Erwin, Esteban, Eugenez, Eusebio, Evanio, Everettio, Ezekialz, Ezraon, Fabianz, Farhan, Farouk, Federicoz, Felixz, Ferdy, Finnan, Finnigan, Fletcherz, Florianz, Floydz, Francozo, Franklinz, Fredy, Fritz, Fulton, Gabez, Gagez, Garethz, Garrison, Gaston, Gennaro, Geoffreyz, Georgio, Gerardo, Germain, Gideonz, Gilbertz, Giovanni, Goran, Gradyz, Grahamz, Grantz, Gregorz, Griffinio, Gunner, Gusz, Gustavoz, Hadrianz, Haiden, Hamzah, Hansz, Harleyz, Harrisio, Harveyson, Hassan, Haydenz, Hectorio, Henrikz, Henryson, Hershel, Holden, Hollis, Homer, Horacio, Howardson, Hudsonz, Hughio, Hugoz, Hunterz, Hussein, Ibrahimio, Ignacioz, Igorz, Iker, Imran, Irwin, Isaacsonz, Isaias, Ishaaq, Isidoroz, Ismailz, Ivanon, Izaak, Izzy, Jacek, Jadenz, Jaggerz, Jaiden, Jair, Jakez, Jamesson, Jamil, Jamisonz, Janson, Jarek, Jarrett, Jaronz, Jasez, Jasperio, Javieron, Jayce, Jaylenz, Jeanpierre, Jeffersonio, Jensenon, Jericho, Jermane, Jeromez, Jettz, Joaquinio, Jonasz, Jonahz, Jonathanz, Jordanon, Jorgeio, Josel, Josephson, Joshz, Joshuaz, Josias, Josue, Juanito, Judahz, Julianio, Julioz, Juliusz, Justiceon, Kadez, Kairo, Kalebz, Kareemz, Karimio, Karlz, Kasperz, Kaysonio, Keagan, Keanuz, Keatonz, Keithz, Kelvion, Kendrickio, Kennethon, Kentz, Kevinio, Khaledz, Khalilio, Kingsonz, Kingstonz, Knoxz, Kobez, Koleio, Koltonz, Konradz, Korbinio, Kristianz, Kurtz, Kylez, Kylian, Lachlanz, Lancelot, Landenz, Landonon, Langstonz, Larsio, Lawsonio, Lazaroz, Leandroz, Ledgerio, Leonid, Leopoldo, Leroyio, Leviathan, Liamio, Lincolnz, Lintonz, Lisandrio, Lorenzoio, Louiz, Lucazio, Lucianz, Lucioz, Ludwig, Luison, Lukaio, Lukez, Lutherio, Lysandro, Maddock, Magnusz, Mahmoudz, Malikio, Manolo, Marcelio, Marcoio, Marcosz, Marioio, Markoz, Marshallio, Martell, Martinio, Masonio, Mateoio, Matheusz, Mauricioio, Maverickz, Maximoz, Maxson, Melchiorz, Melvinio, Micahio, Michaelz, Miguelio, Milanzo, Miloio, Monty, Montgomeryio, Mosesio, Muhammadz, Mustafaio, Mylesz, Nashio, Nathanioz, Nehemia, Nelsonio, Nestorz, Nicolasz, Nikita, Nikolai, Nikosio, Nolanzo, Noelz, Normanio, Octavioz, Odinon, Oliverio, Omarz, Omario, Orsonio, Osirisz, Ottoz, Owenio, Pabloio, Paxtonio, Pedroio, Percy, Perryson, Phoenixz, Porterio, Prestonio, Quentinio, Quincyio, Quinnz, Rafaelio, Rahim, Randallio, Raulio, Rayz, Raymondio, Reagan, Reeceio, Reggiez, Reidz, Remingtonz, Reneio, Ricardoio, Richardio, Rickio, Rinaldoz, Roccoio, Rodneyio, Rogelioio, Romanioz, Romeoio, Ronanio, Ronniez, Roryio, Rossz, Rowanio, Royio, Rubenio, Rufio, Russellio, Ryanioz, Rykerz, Samirz, Samsonio, Santiagoio, Saulio, Sawyerio, Scottio, Seanio, Sebastianio, Sergioio, Sethio, Shaneio, Shawnio, Silasio, Simonio, Skylarz, Solomonio, Spencerio, Stanleyio, Stefanioz, Stephenio, Sterlingio, Sullivanio, Tannerio, Terrancez, Theoio, Thaddeuz, Theodoreio, Thomasio, Thorz, Timotheo, Tobiasio, Toddz, Tomio, Tonyio, Travisio, Trentio, Trevorio, Tristanioz, Troyio, Tuckerio, Tysonio, Umarz, Urielio, Valentinio, Vaughnio, Victorio, Vincentio, Wadeio, Walterio, Warrenz, Wayneio, Wesleyio, Westonz, Williamio, Wyattio, Xavierio, Yosefio, Zachio, Zaidz, Zanderio, Zaynio, Zekeio, Zionio, Abrielle, Adaline, Adara, Adella, Adira, Adrienne, Aella, Aila, Aimee, Ainsleigh, Alani, Alanna, Alberta, Aleena, Alessandria, Alexa-Marie, Alexine, Alfonsa, Alianna, Alondra, Alora, Amabel, Amaliah, Amariyah, Ambra, Amelina, Amora, Anaira, Anastasiaz, Andromeda, Angeliah, Anika, Anissa, Aniya, Annabethz, Annalisa, Annalou, Annalynn, Annelie, Antoniaz, Arabellah, Araceli, Ariana-Grace, Ariani, Ariyah, Arlena, Arlina, Arwen, Ashira, Ashlynn, Aspenna, Astrida, Aurea, Aureliana, Aurorah, Avalina, Avaya, Avielle, Ayda, Ayla, Azaria, Azalea, Beatrixz, Belia, Belinda, Benedetta, Bernadettez, Bethania, Bethan, Betsy, Bettina, Bianca-Marie, Blythez, Brandi, Briahnna, Briar-Rose, Bristolz, Brynn, Cadencez, Caitlynn, Calista, Calliopez, Camaria, Cambrie, Camillez, Candela, Cara-Marie, Carissa, Carlotta, Carmelina, Carolina, Carolynz, Cassandraz, Catalina, Cecily, Celestia, Celina, Cerise, Chandra, Charlotta, Chaya, Chelsea, Cherith, Chioma, Christabel, Christinaz, Clarabella, Clarisse, Clementinez, Colettez, Coralina, Corinne, Cosette, Courtneyz, Crystalz, Cynthiaz, Dahliana, Daisy-May, Dalila, Daniela-Marie, Daphne, Davinia, Deborahz, Delaneyz, Delilahz, Delphinez, Denisez, Destinyz, Diana-Marie, Diane, Diya, Dominiquez, Dorothyz, Edenz, Eileen, Elainez, Elara, Eleanorh, Eleonore, Elisa-Marie, Elisez, Elizabella, Ella-Rose, Ellenor, Elodie, Eloisez, Emberly, Emiliaz, Emiliana, Emmanuella, Emmeline, Emmery, Enid, Erica, Esmeraldah, Esperanzah, Estellah, Estherz, Evalina, Evangelinez, Evelynz, Everlyz, Faithz, Fallon, Farah, Fatimah, Felicia, Fernz, Fiora, Fleur, Francescah, Frida, Gabriellah, Gaia, Galilea, Gemmah, Genoveva, Georginah, Giannina, Giuseppina, Gladys, Gloriah, Gracey, Gracielah, Gretah, Gwenneth, Hadassa, Haidyn, Hallez, Hanae, Harlowz, Harmonyz, Harperz, Havenz, Hazelz, Heatherz, Heidi-Marie, Helena-Marie, Helene, Heloisah, Henriettah, Hollyz, Honor, Hyacinthz, Ilana, Imani, Imelda, Indiah, Indira, Ingridz, Inayah, Ione, Irena, Irina, Isabelah, Isobel, Isra, Ivyanna, Jaclyn, Jadez, Jaelyn, Jaina, Janelle, Janinah, Jasminez, Jaylah, Jazlyn, Jean, Jemimah, Jenna-Marie, Jenniferz, Jessicah, Jillianne, Jocelyne, Johannah, Joliez, Jordana, Josephine-Marie, Joyz, Judithz, Julianna, Julietah, Junia, Juniperz, Kacey, Kaelyn, Kaitlynn, Kamaria, Kara-Marie, Karina-Marie, Katari, Katerina, Kaye, Kaylah, Keira-Marie, Kennedyz, Khadija, Kiannah, Kimberley, Kinley, Kinsleigh, Kira-Marie, Kirstin, Klaudia, Kyah, Kyla-Marie, Lacey-Marie, Laineyz, Lana-Marie, Larah, Larissah, Laura-Marie, Laurynz, Laylah, Leah-Marie, Leana, Leilah, Leonorah, Liana-Marie, Lilibeth, Lilith, Lillyanne, Lina-Marie, Linnea, Lisandra, Liviah, Lois, Lola, Lorettah, Lorenzah, Lucindah, Lucillez, Luella-Marie, Lulu, Luna-Marie, Lyanna, Lydiaz, Lyla-Marie, Mabelz, Macie, Madelinez, Magdalena, Maelyz, Maisah, Malina, Malloriez, Marcella, Mariahz, Mariana-Marie, Marianah, Mariellah, Marina-Marie, Marisah, Maritza, Marjorie, Martha-Marie, Maryellen, Matilde, Maxima, Mayah, Meadowz, Meira, Melanah, Melissah, Melodyz, Mercedesz, Meredithz, Mia-Grace, Michaela-Marie, Milah, Milaniah, Milenah, Mina-Marie, Mirellah, Miriamz, Mirandah, Moirah, Monica-Marie, Monserrat, Myah, Myrah, Nadia-Marie, Nadinez, Nalah, Nancyz, Nariah, Nataliaz, Natalie-Marie, Nathalia, Naomih, Nawal, Nayla, Nevaehz, Nicolez, Nidia, Ninalee, Nirvana, Nolah, Norah-Marie, Nyah, Octaviaz, Odessa-Marie, Oliveh, Oliviah, Opal, Oriana-Marie, Orlah, Paigelynn, Palomah, Paris-Marie, Patriciaz, Paulah, Pearlz, Penelopez, Persephonez, Petrah, Philippah, Phoebez, Pia-Marie, Piperz, Priscillah, Queenie, Quinnz, Rachelz, Raelene, Raelynn, Ramah, Ramona-Marie, Raniah, Raphaella, Raquelz, Ravenna, Rebecca-Marie, Regina-Marie, Renate, Rileyz, Rosa-Marie, Rosanah, Rosaria, Roselyn, Roxanna, Rubyz, Ruthann, Sabinah, Sabrinah, Sadieh, Sahara, Samarah, Samantha-Marie, Sandra-Marie, Sapphira, Sara-Marie, Sarai, Sarina, Sasha-Marie, Savannahz, Scarlettz, Selahz, Selena-Marie, Serenityz, Shaniah, Shannon-Marie, Sharonz, Shay, Shelbyz, Siennah, Sienna-Marie, Simona, Skylarz, Sofia-Marie, Solangez, Sonia, Sophie-Marie, Stella-Marie, Stephaniez, Susan-Marie, Susannah, Sylviez, Tabithah, Tallulah, Tamzin, Tania-Marie, Taram, Tatianah, Tegan, Teresah, Tessa-Marie, Theah, Theresah, Tiffanyz, Tinah, Tinsleyz, Trinityz, Ursula-Marie, Valaria, Valentina-Marie, Valeriez, Vanessa-Marie, Verah, Veronica-Marie, Victorine, Vienna-Marie, Violetz, Virginia-Marie, Viviana, Vivien, Waverlyz, Whitneyz, Wilhelmina, Willa-Marie, Willowz, Winifredz, Winterz, Ximenez, Yasmeena, Yaretzi, Ylenia, Yohana, Yvettez, Zahara, Zahrah, Zalika, Zarah, Zelda-Marie, Zelina, Ziah, Zoelle, Zohoz, Zorina, Ainsley, Alexz, Alexisz, Amari, Amoryz, Angelz, Archer, Ardenz, Arielz, Ashz, Ashton, Aspen, Aubreyz, Augustz, Averyz, Baileyz, Bayz, Bellamyz, Blairez, Blakez, Bluez, Bowie, Bradyz, Briarz, Brileyz, Brooklynz, Brynley, Callenz, Camdenz, Cameronz, Carey, Carsonz, Caseyz, Chandlerz, Charliez, Chrisz, Coryz, Cruz, Dakota, Dallasz, Dani, Darianz, Darynz, Devinz, Devon, Drewz, Dylanio, Edenz, Elliotz, Ellisz, Emersonz, Emoryz, Finleyz, Flynnz, Frankie, Grayz, Greerz, Hadleyz, Harleyz, Harperio, Havenio, Haydenio, Hollis, Hunterio, Indigoz, Jaidenz, Jamiez, Jayz, Jessez, Jordanz, Julesz, Justicez, Kaiz, Kamari, Karterz, Kaseyz, Kaydenz, Kellyz, Kendallz, Kennedyz, Kenz, Kingsleyz, Kit, Krisz, Landryz, Lanez, Lennonz, Lesliez, Lexz, Loganio, Londonz, Lorenio, Lucaio, Luxz, Maddoxz, Marleyz, Masonz, Maxz, Micahz, Milanio, Monroe, Morganio, Murphyz, Nicoz, Noelz, Oakleyz, Oceanio, Parkerz, Paytonz, Perryz, Phoenixz, Quincyio, Quinnio, Rae, Reaganio, Reesez, Remiz, Remyz, Rileyz, Riverz, Robinz, Roryz, Rowanz, Royalz, Ryanioz, Sagez, Samz, Sashaz, Scoutz, Shilohz, Skyz, Skylarz, Sloanez, Spencerz, Steviez, Sydnie, Sydneyz, Tatumz, Taylorz, Teaganz, Terryz, Tobyz, Toniz, Tracez, Tristanioz, Tylerz, Valz, Valentinez, Wrenz, Wynz, Zephyrz, Aarav, Aaren, Aaryan, Abayomi, Abdel, Abdi, Abdirahman, Abdulkadir, Abdulmalik, Abednego, Abiathar, Abidemi, Abimbola, Abnerius, Absalom, Abubakar, Achraf, Acilio, Adairus, Adalrico, Adamek, Adamo, Adao, Adar, Adeeb, Adeel, Adekunle, Adelard, Adelbert, Adelmar, Adem, Ademar, Adeniran, Adeolu, Adeyemi, Adham, Adhemar, Adilson, Aditya, Adlai, Adnanul, Adolfo, Adom, Adonias, Adoniram, Adonys, Adriaan, Adriano, Adrien, Aethelred, Affan, Afif, Afonso, Afzal, Agapito, Agostino, Agrippa, Aguinaldo, Aharon, Ahmadullah, Ahmet, Ahmir, Ahnaf, Ahyan, Aidanov, Aidenis, Aigbo, Ailbe, Aimery, Aitor, Aivar, Ajay, Ajith, Akande, Akel, Akhil, Akihiro, Akim, Akito, Akshay, Aktan, Alaa, Aladeen, Alasdair, Alassane, Alastor, Albin, Albino, Alcides, Aldairus, Aldemar, Aldrick, Alek, Aleksi, Alekto, Alexeiros, Alexy, Alfonsus, Alhaji, Alik, Alimzhan, Aliou, Alistairre, Alister, Allahyar, Allister, Alois, Alon, Alper, Alperen, Alphonzo, Alroy, Altonius, Alvar, Alvarojo, Alwinus, Alyosha, Amaury, Ameer, Amerigo, Amielos, Aminu, Amjad, Ammar, Amnon, Amosiah, Amr, Amrit, Amrou, Anacleto, Anan, Anand, Anani, Anastas, Anastasio, Anatole, Anatoliy, Anay, Anbu, Andersen, Anderso, Andoni, Andranik, Andrei, Andrel, Andricus, Andrija, Andro, Andrzej, Anees, Angelico, Anghel, Anibal, Anik, Aniket, Anirudh, Anselm, Antal, Antares, Antin, Antione, Antol, Antonije, Antwone, Anwar, Aodhan, Apollox, Apostolos, Appiah, Aquila, Arad, Arash, Arav, Ardağ, Ardian, Areli, Arevalo, Arfan, Argus, Arihant, Arin, Aristide, Ariston, Arley, Arlofer, Armanius, Armelio, Arminas, Armon, Arnav, Arnau, Arno, Arnoldo, Arnout, Arpad, Arsen, Arsene, Arslan, Artan, Artemio, Arthas, Artin, Arto, Arvid, Arvin, Arvydas, Aryo, Asad, Asadullah, Asante, Asaph, Asbjorn, Asdrubal, Asger, Ashfaq, Ashir, Ashkan, Ashur, Asier, Askold, Aslamu, Aslan, Asmir, Asserus, Astor, Aswin, Ata, Atahan, Atif, Atlas, Atreus, Atsushi, Attilaş, Atul, Aubert, Audric, Augusto, Augustus, Auke, Aurelius, Ausar, Auston, Autry, Avedis, Avetis, Avi, Aviv, Avraham, Avram, Avrohom, Ayaanle, Ayaz, Aydan, Ayinde, Ayo, Ayodele, Ayomide, Ayoola, Ayoub, Ayush, Azizbek, Azlan, Azriel, Babacar, Baboucarr, Bacchus, Bahadur, Bahman, Bahrom, Bakari, Bakhtiyar, Balint, Balthasar, Banjo, Barak, Baran, Bard, Bardia, Baris, Baruch, Bashar, Basheer, Basim, Bastian, Battista, Bayezid, Bayram, Baz, Bazyli, Bearnard, Beauregard, Bechir, Bede, Bedrich, Behruz, Behram, Behrang, Bek, Bektas, Belal, Belisario, Beltran, Bemnet, Benedict, Benicioz, Benoni, Bento, Berhanu, Berk, Berkay, Berke, Berky, Bernd, Bernabe, Bernhard, Bernold, Bertil, Bertrandt, Besim, Besnik, Betzalel, Bhaumik, Bhavesh, Bhim, Bhupinder, Bijan, Bikram, Bilal, Bilel, Bismark, Bixente, Blessing, Boleslaw, Boma, Bonaventure, Borna, Boruch, Boudewijn, Boubacar, Bouchaib, Bowenzo, Boydell, Bozkurt, Bradshaw, Braidenz, Braith, Bran, Branislav, Bransonio, Brasher, Breandán, Brecken, Brecht, Brehon, Breixo, Breno, Brían, Brigham, Brijesh, Brindon, Brinson, Bror, Brose, Bruin, Brunello, Brunon, Bryer, Brynjar, Brynmor, Buba, Budimir, Bukhari, Burak, Burhan, Burnell, Buster, Butrus, Błażej, Cabe, Cadenza, Cadwallader, Cadyn, Caedmon, Caelum, Caetano, Caiden, Cailean, Caine, Cainan, Caio, Cairbre, Calen, Calixto, Callaghan, Callenor, Callixte, Calogero, Calumet, Calvert, Calvino, Camdan, Camran, Camron, Canaanzo, Caner, Canute, Caoimhín, Capers, Caradoc, Caradog, Carleton, Carlin, Carlyle, Carmichael, Carmody, Carnell, Carrick, Carroll, Carsten, Carsyn, Cartwright, Cashel, Cashton, Cassel, Castiel, Castor, Catalin, Catoz, Cavan, Cavanagh, Cavaney, Cavin, Cawley, Ceasar, Ceferino, Celestin, Celyn, Cem, Cemal, Cengiz, Cennét, Cerdic, Ceri, Cesarionz, Cesaro, Cezar, Cezary, Chadrick, Chaimie, Chakib, Chalmers, Chandan, Chandrahas, Chane, Channing, Chanse, Chao, Chapin, Chappell, Chardan, Chas, Chasen, Chaska, Chaz, Cheikh, Chelton, Chen, Chetan, Chevalier, Cheyne, Chibueze, Chibuzor, Chigozie, Chikao, Chinedu, Chinonso, Chisom, Chittaranjan, Chizoba, Chord, Christiaan, Christoffer, Christosz, Chuong, Chukwuemeka, Cian, Ciarán, Ciaron, Cillian, Ciro, Claes, Clancey, Claron, Claudel, Claudiu, Clayborne, Cleland, Clem, Clementino, Cleon, Cletus, Cliffordz, Cliftonio, Clytem, Coburn, Cochise, Codrin, Coen, Coenraad, Coleridge, Colmhan, Colmín, Colter, Colum, Columban, Columbkille, Coman, Conal, Conall, Conalley, Conant, Conlanzo, Conn, Connal, Connerly, Connolly, Conrado, Considine, Constantijn, Constantin, Constantinos, Conway, Conyer, Coogan, Cooperio, Corbet, Corbinian, Corby, Cordarro, Cordovan, Coriolanus, Cornelisz, Cornelis, Corrado, Cosmin, Costas, Costel, Cottrell, Couper, Courtland, Covey, Cowan, Coy, Coyle, Coyleton, Cozmo,Abeba, Abeline, Abia, Abiola, Abra, Abrianna, Abryelle, Acacia, Acadia, Aceline, Adala, Adaletha, Adalina, Adalinde, Adalira, Adaly, Adama, Adamine, Adarae, Adassa, Addaly, Addilyn, Adelaya, Adelcia, Adelei, Adelinae, Adelise, Adeliza, Adelka, Adelpha, Adelphia, Adeluna, Adely, Adelyna, Adena, Adeola, Aderinsola, Adesuwa, Adhara, Adhira, Adiah, Adiela, Adielis, Adija, Adinae, Adisyn, Aditri, Adiya, Adjoa, Adlina, Adonaiya, Adorabella, Adrea, Adreanna, Adrienne-Marie, Adrielis, Aduke, Adva, Adwoa, Afiya, Afra, Afreen, Afrodite, Afua, Afyiah, Agape, Agata, Agathe, Agnella, Agnese, Agripina, Ahlam, Ahlem, Ahliyah, Ahlivia, Ahrianna, Ahtziri, Aia, Aideen, Ailani, Ailish, Ailsa, Ailyn, Aina, Ainara, Aine, Ainhoa, Ainhoa, Ainhoara, Ainslea, Airam, Airi, Aislin, Aisling, Aislinn, Aisosa, Aisuluu, Aitana, Aithne, Aiyana, Aiyanna, Aiza, Aizah, Ajla, Akanksha, Akira, Akiva, Akosua, Aksana, Aksinya, Akua, Alaba, Alaine, Alaina-Marie, Alandra, Alaniyah, Alanoud, Alara, Alastriona, Alaya, Alayah-Marie, Alayla, Alazne, Alborada, Albuna, Alcina, Aldara, Aldona, Aleahna, Alease, Aleena-Marie, Aleesya, Aleta, Alethia, Aletta, Alexane, Alexiana, Alexine-Marie, Alfonsina, Alhena, Alianna-Marie, Alicea, Alicent, Alicja, Alida, Alilah, Alima, Alina-Marie, Alinea, Aliona, Aliona-Marie, Alira, Alis, Alisanne, Alishba, Alisun, Alita, Alitza, Alivea, Aliviah, Aliz, Alizae, Alizee, Alizia, Alkira, Alla, Allayna, Alleanza, Allegria, Alleigh, Alleta, Allianna, Allira, Allouette, Allycia, Allyria, Allysa, Almae, Almudena, Alodia, Alohi, Alona, Alondra-Marie, Alouette, Althea, Alvara, Alverta, Alya, Alyah, Alyara, Alyena, Alyla, Alys, Alyssandra, Alyvia, Amalina, Amaliya, Amanat, Amarae, Amarea, Amariya, Amaris, Amarys, Amatullah, Amaza, Ambre, Amdria, Amea, Amel, Amelea, Ameliana, Ameliarose, Ameliyah, Amely, Amena, Amenah, Ameni, Amera, Amerie, Ameris, Ameryn, Ameth, Amia, Amiayah, Amiesha, Amika, Amilia, Amiliana, Amilli, Amilya, Aminata, Amirah-Marie, Amirrah, Amisadai, Amitis, Amity, Amiya, Amiyah-Rose, Amla, Amna, Amneet, Amorae, Amoria, Amorina, Amparo, Amritha, Amuna, Amyah, Amyra-Rose, Amyria, Amzara, Anael, Anahi, Anaid, Anaira-Rose, Anaka, Anakaren, Analena, Analie, Analise, Anamarie, Anamaria, Anamta, Anandita, Ananda, Anandi, Ananya, Anarosa, Anarose, Anasofia, Anat, Anavi, Anayae, Anayeli, Anayi, Anaysia, Anaysi, Anbar, Anberlin, Ancilla, Andaya, Andee, Andelyn, Andine, Andora, Andraea, Andreea, Andriana, Andromedae, Andrya, Aneesa, Anel, Anelia, Anelise, Anemone, Aneri, Aneris, Anetta, Anett, Angely, Angelis, Angelise, Angelisse, Angelys, Anhelina, Ania, Aniah, Aniela, Aniela-Rose, Aniella, Anika-Marie, Aniko, Anila, Anilah, Anilee, Anilisa, Anira, Anisa, Anisah, Anisia, Anissa-Marie, Anitae, Anitra, Anjani, Anjana, Anjel, Anjela, Anjie, Anjolie, Annabel-Marie, Annabetha, Annabella-Rose, Annaley, Annalicia, Annalouise, Annamae, Annarose, Annastacia, Annel, Anneli, Anneliese, Annely, Annelore, Annelou, Annemieke, Annerose, Annesa, Anneth, Anni, Annia, Annica, Annicka, Annick, Annicka-Rose, Anniebeth, Annike, Annilee, Anniliese, Annissa, Annita, Annitta, Annke, Annlee, Annleigh, Annlise, Annlou, Annlynn, Annmaris, Annmieke, Annoa, Annora, Annushka, Annwen, Annwyn, Annysa, Anoki, Anona, Anora, Anorah, Anoush, Anoushka, Anoya, Anri, Anslee, Ansleigh, Antara, Anthea-Rose, Anthi, Anthonia, Antigone, Antje, Antoinetta, Antonina, Antoniah, Anuhea, Anuja, Anuki, Anuli, Anusha, Anushree, Anusia, Anwen, Anwyn, Anyah, Anyla, Anyssa, Anzhelika, Aarenz, Abbot, Abbey, Abbotta, Abcde, Abellae, Abid, Ability, Able, Abneri, Aboni, Abri, Abril, Absidy, Acen, Acey, Acha, Achu, Adael, Adairi, Adamis, Adanli, Adas, Add, Addae, Addai, Addam, Addas, Addax, Addi, Addic, Addis, Addy, Ade, Adebayo, Adee, Adei, Adel, Adelai, Adelani, Adelcio, Adelei, Adelis, Adell, Adello, Adely, Adem, Adeni, Ader, Adern, Adero, Ades, Adi, Adia, Adiam, Adib, Adie, Adili, Adin, Adis, Adish, Adit, Adith, Adiv, Adlaii, Admire, Ado, Adom, Adon, Adoni, Adony, Adore, Adrin, Adry, Adu, Adun, Advait, Ady, Aedin, Aedinz, Aedyn, Aegan, Aegis, Aemon, Aenon, Aer, Aera, Aeris, Aeryn, Aeson, Aethan, Aeva, Aevah, Aeven, Aevin, Aevy, Afi, Afifz, Afiyah, Afri, Afro, Afy, Ag, Agan, Agapez, Agari, Agi, Agiel, Agin, Agma, Agni, Ago, Agust, Ah, Ahl, Ahli, Ahliy, Ahm, Ahmi, Ahmirz, Ahn, Aho, Ahri, Ahry, Ahy, Ai, Aidanix, Aidex, Aidi, Aido, Aiel, Aien, Ail, Aili, Ailin, Ailix, Ailo, Ails, Ailx, Aim, Aima, Aimi, Aimo, Aimz, Ain, Ainae, Ainey, Aini, Aino, Ainz, Aio, Aion, Aior, Aios, Aira, Airi, Airn, Airo, Airy, Aisa, Aise, Aish, Aisi, Aison, Aisy, Ait, Aith, Aiv, Aiva, Aivan, Aiven, Aivor, Aivy, Aiy, Aiya, Aiyo, Aiyy, Aizae, Aj, Aja, Ajan, Ajayz, Aje, Ajen, Ajin, Ajis, Ajj, Ajo, Ajon, Ajor, Ajy, Ak, Aka, Akai, Akal, Akam, Akan, Akas, Akash, Akay, Ake, Akei, Aken, Aker, Akey, Aki, Akia, Akie, Akil, Akin, Akiro, Akis, Akki, Akko, Akky, Akm, Ako, Akon, Akos, Akoy, Akr, Aks, Akt, Aku, Akuae, Akui, Akul, Akus, Akuy, Akz, Al, Ala, Alae, Alai, Alak, Alal, Alam, Alanx, Alao, Alaq, Alar, Alas, Alax, Alay, Alaz, Alba, Albe, Albey, Albi, Alby, Ald, Alda, Alde, Aldi, Aldo, Aldy, Ale, Alea, Aleb, Alec, Aleck, Aled, Alee, Alef, Aleg, Aleh, Alekz, Alel, Alem, Alen, Alep, Aler, Ales, Alet, Aleu, Alev, Aley, Alfi, Alfy, Alga, Alge, Algi, Algo, Algy, Ali, Alia, Alib, Alica, Alid, Alie, Alif, Alig, Alii, Alikz, Alil, Alim, Alio, Alip, Alir, Alis, Alit, Aliu, Aliv, Aliy, Aliz, Alja, Aljo, Alju, Alka, Alke, Alki, Alko, Alkx, Alla, Alle, Alli, Allo, Allu, Ally, Alma, Alme, Almi, Almo, Almy, Alna, Alne, Alni, Alno, Alny, Aloa, Alob, Aloc, Alod, Aloe, Alof, Alog, Aloi, Alok, Alol, Alom, Alon, Aloo, Alop, Alor, Alos, Alot, Alou, Alov, Aloy, Alpa, Alpe, Alpi, Alpo, Alpu, Alpy, Alq, Alra, Alre, Alri, Alro, Alru, Alry, Alsa, Alse, Alsi, Also, Alsy, Alta, Alte, Alti, Alto, Alty, Alua, Alue, Alui, Aluo, Alus, Alut, Aluv, Alux, Aluy, Alva, Alve, Alvi, Alvo, Alvu, Alvy, Alwa, Alwe, Alwi, Alwo, Alwu, Alwy, Aly, Alya, Alye, Alyi, Alyo, Alyu, Alyx, Alyy, Alza, Alze, Alzi, Alzo, Alzu, Alyz
